{"is_source_file": true, "format": "JavaScript / JSX", "description": "This file serves as the entry point for a React web application, initializing the React DOM and rendering the main App component into the DOM.", "external_files": ["react", "react-dom/client", "./index.css", "./App"], "external_methods": ["ReactDOM.createRoot", "root.render"], "published": ["React.StrictMode"], "classes": [], "methods": ["ReactDOM.createRoot", "root.render"], "calls": ["ReactDOM.createRoot", "root.render"], "search-terms": ["index.js", "ReactDOM", "React.StrictMode", "App", "createRoot", "render"], "state": 2, "file_id": 5, "knowledge_revision": 24, "git_revision": "f4f1e89332086f9fffcb370873c42227a7d61fe7", "ctags": [{"_type": "tag", "name": "root", "path": "/home/kavia/workspace/code-generation/online-chess-platform-200802-200811/chess_frontend/src/index.js", "pattern": "/^const root = ReactDOM.createRoot(document.getElementById('root'));$/", "language": "JavaScript", "kind": "constant"}], "hash": "9fc5841375336fc175b49f8767a11383", "format-version": 4, "code-base-name": "chess_frontend", "filename": "chess_frontend/src/index.js", "revision_history": [{"24": "f4f1e89332086f9fffcb370873c42227a7d61fe7"}]}