{"is_source_file": true, "format": "JavaScript (React JSX)", "description": "A React component named App that manages theme toggling between light and dark modes, and renders UI elements including a toggle button, logo, and informational texts.", "external_files": ["./logo.svg", "./App.css"], "external_methods": ["document.documentElement.setAttribute"], "published": ["App"], "classes": [], "methods": [{"name": "App()", "description": "React functional component that manages theme state and renders UI.", "scope": "", "scopeKind": ""}, {"name": "toggleTheme", "description": "Function that toggles the theme state between 'light' and 'dark'."}], "calls": ["useState", "useEffect", "document.documentElement.setAttribute", "setTheme"], "search-terms": ["React", "theme toggle", "App.js", "useState", "useEffect", "theme switching"], "state": 2, "file_id": 6, "knowledge_revision": 25, "git_revision": "f4f1e89332086f9fffcb370873c42227a7d61fe7", "ctags": [{"_type": "tag", "name": "App", "path": "/home/kavia/workspace/code-generation/online-chess-platform-200802-200811/chess_frontend/src/App.js", "pattern": "/^function App() {$/", "language": "JavaScript", "kind": "function", "signature": "()"}, {"_type": "tag", "name": "Switch to ${theme === 'light' ? 'dark' : 'light'} mode", "path": "/home/kavia/workspace/code-generation/online-chess-platform-200802-200811/chess_frontend/src/App.js", "pattern": "/^          aria-label={`Switch to ${theme === 'light' ? 'dark' : 'light'} mode`}$/", "language": "JavaScript", "kind": "field", "scope": "App.aria", "scopeKind": "class"}, {"_type": "tag", "name": "toggleTheme", "path": "/home/kavia/workspace/code-generation/online-chess-platform-200802-200811/chess_frontend/src/App.js", "pattern": "/^          onClick={toggleTheme}$/", "language": "JavaScript", "kind": "field", "scope": "App.onClick", "scopeKind": "class"}], "hash": "b55dd9e6a018e59207d8e277dffd9e11", "format-version": 4, "code-base-name": "chess_frontend", "filename": "chess_frontend/src/App.js", "fields": [{"name": "aria-label={`Switch to ${theme === 'light' ? 'dark' : 'light'} mode`}", "scope": "App.aria", "scopeKind": "class", "description": "unavailable"}, {"name": "onClick={toggleTheme}", "scope": "App.onClick", "scopeKind": "class", "description": "unavailable"}], "revision_history": [{"25": "f4f1e89332086f9fffcb370873c42227a7d61fe7"}]}