{"is_source_file": false, "format": "", "description": "", "external_files": [], "external_methods": [], "published": [], "classes": [], "methods": [], "calls": [], "search-terms": [], "state": 2, "file_id": 10, "knowledge_revision": 20, "git_revision": "f4f1e89332086f9fffcb370873c42227a7d61fe7", "hash": "d001d53c059625c4bcf75bf5a7f3fcf0", "format-version": 4, "code-base-name": "chess_frontend", "filename": "chess_frontend/package.json", "revision_history": [{"20": "f4f1e89332086f9fffcb370873c42227a7d61fe7"}]}