{"is_source_file": false, "format": "", "description": "", "external_files": [], "external_methods": [], "published": [], "classes": [], "methods": [], "calls": [], "search-terms": [], "state": 2, "file_id": 11, "knowledge_revision": 19, "git_revision": "f4f1e89332086f9fffcb370873c42227a7d61fe7", "hash": "d2b40d02d5f7873d8a6713bad837edd4", "format-version": 4, "code-base-name": "chess_frontend", "filename": "chess_frontend/public/index.html", "revision_history": [{"19": "f4f1e89332086f9fffcb370873c42227a7d61fe7"}]}