{"is_source_file": false, "format": null, "description": "", "external_files": [], "external_methods": [], "published": [], "classes": [], "methods": [], "calls": [], "search-terms": [], "state": 2, "file_id": 12, "knowledge_revision": 21, "git_revision": "f4f1e89332086f9fffcb370873c42227a7d61fe7", "hash": "d9d975cebe2ec20b6c652e1e4c12ccf0", "format-version": 4, "code-base-name": "chess_frontend", "filename": "chess_frontend/public/manifest.json", "revision_history": [{"21": "f4f1e89332086f9fffcb370873c42227a7d61fe7"}]}