{"is_source_file": true, "format": "JavaScript/ESM module", "description": "ESLint configuration file for a JavaScript project, setting parser options, global variables, and plugin rules for React and JavaScript linting.", "external_files": ["@eslint/js", "eslint-plugin-react"], "external_methods": ["pluginJs", "pluginReact", "pluginJs.configs.recommended"], "published": [], "classes": [], "methods": [{"name": "default", "description": "Default export of the ESLint configuration array."}], "calls": ["pluginJs", "pluginReact", "pluginJs.configs.recommended"], "search-terms": ["eslint.config.mjs", "ESLint", "eslint", "react", "plugin-react", "pluginJs", "recommended", "rules", "parserOptions", "globals"], "state": 2, "file_id": 9, "knowledge_revision": 18, "git_revision": "f4f1e89332086f9fffcb370873c42227a7d61fe7", "hash": "be6538e7523bc2e9da0743133d784136", "format-version": 4, "code-base-name": "chess_frontend", "filename": "chess_frontend/eslint.config.mjs", "revision_history": [{"18": "f4f1e89332086f9fffcb370873c42227a7d61fe7"}]}