{"is_source_file": false, "format": "", "description": "", "external_files": [], "external_methods": [], "published": [], "classes": [], "methods": [], "calls": [], "search-terms": [], "state": 2, "file_id": 2, "knowledge_revision": 16, "git_revision": "f4f1e89332086f9fffcb370873c42227a7d61fe7", "hash": "ebece526bc2eadd78ddd787a76c56607", "format-version": 4, "code-base-name": "chess_frontend", "filename": "chess_frontend/README.md", "revision_history": [{"16": "f4f1e89332086f9fffcb370873c42227a7d61fe7"}]}