{"is_source_file": false, "format": "", "description": "", "external_files": [], "external_methods": [], "published": [], "classes": [], "methods": [], "calls": [], "search-terms": ["CSS Variables", "Theme Management", ":root", ".App", ".theme-toggle", "@media", "App-logo-spin"], "state": 2, "file_id": 3, "knowledge_revision": 15, "git_revision": "f4f1e89332086f9fffcb370873c42227a7d61fe7", "hash": "22f9e17cc1848b56dbb244518ac2707e", "format-version": 4, "code-base-name": "chess_frontend", "filename": "chess_frontend/src/App.css", "revision_history": [{"15": "f4f1e89332086f9fffcb370873c42227a7d61fe7"}]}