{"is_source_file": false, "format": "", "description": "", "external_files": [], "external_methods": [], "published": [], "classes": [], "methods": [], "calls": [], "search-terms": [], "state": 2, "file_id": 4, "knowledge_revision": 22, "git_revision": "f4f1e89332086f9fffcb370873c42227a7d61fe7", "ctags": [], "hash": "1a77571e1a8cf36018a41bcedf60db75", "format-version": 4, "code-base-name": "chess_frontend", "filename": "chess_frontend/src/setupTests.js", "revision_history": [{"22": "f4f1e89332086f9fffcb370873c42227a7d61fe7"}]}