{"is_source_file": false, "format": "", "description": "", "external_files": [], "external_methods": [], "published": [], "classes": [], "methods": [], "calls": [], "search-terms": [], "state": 2, "file_id": 7, "knowledge_revision": 13, "git_revision": "f4f1e89332086f9fffcb370873c42227a7d61fe7", "hash": "6c2104b8d219ed99234ae2d6329f4357", "format-version": 4, "code-base-name": "chess_frontend", "filename": "chess_frontend/src/index.css", "revision_history": [{"13": "f4f1e89332086f9fffcb370873c42227a7d61fe7"}]}